44;UNITED KINGDOM PROPER;24-03-2017 00:00:00;ORANGE_PL_IP
441;UNITED KINGDOM;17-03-2017 00:00:00;O2CZECH
442;UNITED KINGDOM;17-03-2017 00:00:00;O2CZECH
4420;UNITED KINGDOM PROPER LONDON;24-03-2017 00:00:00;ORANGE_PL_IP
44560183;UNITED KINGDOM PERSONAL;17-03-2017 00:00:00;O2CZECH
447;UNITED KINGDOM MOBILE OTHERS;17-03-2017 00:00:00;O2CZECH
4470;UNITED KINGDOM PERSONAL;17-03-2017 00:00:00;O2CZECH
4473780;UNITED KINGDOM MOBILE LIMITLESS;17-03-2017 00:00:00;:
447380;UNITED KINGDOM MOBILE H3G;17-03-2017 00:00:00;:
447390;UNITED KINGDOM MOBILE OTHERS;17-03-2017 00:00:00;O2CZECH
4474;UNITED KINGDOM MOBILE OTHERS;17-03-2017 00:00:00;O2CZECH
447400;UNITED KINGDOM MOBILE H3G;17-03-2017 00:00:00;O2CZECH
447401;UNITED KINGDOM MOBILE H3G;17-03-2017 00:00:00;O2CZECH
447402;UNITED KINGDOM MOBILE H3G;17-03-2017 00:00:00;O2CZECH
447403;UNITED KINGDOM MOBILE H3G;17-03-2017 00:00:00;O2CZECH
447407;UNITED KINGDOM MOBILE VODAFONE;17-03-2017 00:00:00;O2CZECH
447409;UNITED KINGDOM MOBILE ORANGE;17-03-2017 00:00:00;O2CZECH
447410;UNITED KINGDOM MOBILE ORANGE;17-03-2017 00:00:00;O2CZECH
447411;UNITED KINGDOM MOBILE H3G;17-03-2017 00:00:00;O2CZECH
447412;UNITED KINGDOM MOBILE H3G;17-03-2017 00:00:00;O2CZECH
447413;UNITED KINGDOM MOBILE H3G;17-03-2017 00:00:00;O2CZECH
447414;UNITED KINGDOM MOBILE H3G;17-03-2017 00:00:00;O2CZECH
447416;UNITED KINGDOM MOBILE ORANGE;17-03-2017 00:00:00;O2CZECH
447419;UNITED KINGDOM MOBILE ORANGE;17-03-2017 00:00:00;O2CZECH
447420;UNITED KINGDOM MOBILE ORANGE;17-03-2017 00:00:00;O2CZECH
447421;UNITED KINGDOM MOBILE ORANGE;17-03-2017 00:00:00;O2CZECH
447422;UNITED KINGDOM MOBILE ORANGE;17-03-2017 00:00:00;O2CZECH
447423;UNITED KINGDOM MOBILE VODAFONE;17-03-2017 00:00:00;O2CZECH
447425;UNITED KINGDOM MOBILE VODAFONE;17-03-2017 00:00:00;O2CZECH
447426;UNITED KINGDOM MOBILE H3G;17-03-2017 00:00:00;O2CZECH
447427;UNITED KINGDOM MOBILE H3G;17-03-2017 00:00:00;O2CZECH
447428;UNITED KINGDOM MOBILE H3G;17-03-2017 00:00:00;O2CZECH
447429;UNITED KINGDOM MOBILE H3G;17-03-2017 00:00:00;O2CZECH
4475;UNITED KINGDOM MOBILE OTHERS;17-03-2017 00:00:00;O2CZECH
447500;UNITED KINGDOM MOBILE VODAFONE;17-03-2017 00:00:00;O2CZECH
447501;UNITED KINGDOM MOBILE VODAFONE;17-03-2017 00:00:00;O2CZECH
447502;UNITED KINGDOM MOBILE VODAFONE;17-03-2017 00:00:00;O2CZECH
447503;UNITED KINGDOM MOBILE VODAFONE;17-03-2017 00:00:00;O2CZECH
447504;UNITED KINGDOM MOBILE T MOBILE;17-03-2017 00:00:00;O2CZECH
447505;UNITED KINGDOM MOBILE T MOBILE;17-03-2017 00:00:00;O2CZECH
447506;UNITED KINGDOM MOBILE T MOBILE;17-03-2017 00:00:00;O2CZECH
447507;UNITED KINGDOM MOBILE T MOBILE;17-03-2017 00:00:00;O2CZECH
447508;UNITED KINGDOM MOBILE T MOBILE;17-03-2017 00:00:00;O2CZECH
44751;UNITED KINGDOM MOBILE O2;17-03-2017 00:00:00;O2CZECH
447521;UNITED KINGDOM MOBILE O2;17-03-2017 00:00:00;O2CZECH
447522;UNITED KINGDOM MOBILE O2;17-03-2017 00:00:00;O2CZECH
447523;UNITED KINGDOM MOBILE O2;17-03-2017 00:00:00;O2CZECH
447525;UNITED KINGDOM MOBILE O2;17-03-2017 00:00:00;O2CZECH
447526;UNITED KINGDOM MOBILE O2;17-03-2017 00:00:00;O2CZECH
447527;UNITED KINGDOM MOBILE ORANGE;17-03-2017 00:00:00;O2CZECH
447528;UNITED KINGDOM MOBILE ORANGE;17-03-2017 00:00:00;O2CZECH
447529;UNITED KINGDOM MOBILE ORANGE;17-03-2017 00:00:00;O2CZECH
447530;UNITED KINGDOM MOBILE ORANGE;17-03-2017 00:00:00;O2CZECH
447531;UNITED KINGDOM MOBILE ORANGE;17-03-2017 00:00:00;O2CZECH
4475320;UNITED KINGDOM MOBILE ORANGE;17-03-2017 00:00:00;O2CZECH
4475321;UNITED KINGDOM MOBILE ORANGE;17-03-2017 00:00:00;O2CZECH
4475322;UNITED KINGDOM MOBILE ORANGE;17-03-2017 00:00:00;O2CZECH
4475323;UNITED KINGDOM MOBILE ORANGE;17-03-2017 00:00:00;O2CZECH
4475324;UNITED KINGDOM MOBILE ORANGE;17-03-2017 00:00:00;O2CZECH
447533;UNITED KINGDOM MOBILE H3G;17-03-2017 00:00:00;O2CZECH
447534;UNITED KINGDOM MOBILE T MOBILE;17-03-2017 00:00:00;O2CZECH
447535;UNITED KINGDOM MOBILE T MOBILE;17-03-2017 00:00:00;O2CZECH
447536;UNITED KINGDOM MOBILE ORANGE;17-03-2017 00:00:00;O2CZECH
447538;UNITED KINGDOM MOBILE T MOBILE;17-03-2017 00:00:00;O2CZECH
447539;UNITED KINGDOM MOBILE T MOBILE;17-03-2017 00:00:00;O2CZECH
44754;UNITED KINGDOM MOBILE O2;17-03-2017 00:00:00;O2CZECH
447550;UNITED KINGDOM MOBILE T MOBILE;17-03-2017 00:00:00;O2CZECH
447551;UNITED KINGDOM MOBILE VODAFONE;17-03-2017 00:00:00;O2CZECH
447552;UNITED KINGDOM MOBILE VODAFONE;17-03-2017 00:00:00;O2CZECH
447553;UNITED KINGDOM MOBILE VODAFONE;17-03-2017 00:00:00;O2CZECH
447554;UNITED KINGDOM MOBILE VODAFONE;17-03-2017 00:00:00;O2CZECH
447555;UNITED KINGDOM MOBILE VODAFONE;17-03-2017 00:00:00;O2CZECH
447556;UNITED KINGDOM MOBILE ORANGE;17-03-2017 00:00:00;O2CZECH
447557;UNITED KINGDOM MOBILE VODAFONE;17-03-2017 00:00:00;O2CZECH
447560;UNITED KINGDOM MOBILE O2;17-03-2017 00:00:00;O2CZECH
447561;UNITED KINGDOM MOBILE O2;17-03-2017 00:00:00;O2CZECH
447562;UNITED KINGDOM MOBILE O2;17-03-2017 00:00:00;O2CZECH
447563;UNITED KINGDOM MOBILE O2;17-03-2017 00:00:00;O2CZECH
447564;UNITED KINGDOM MOBILE O2;17-03-2017 00:00:00;O2CZECH
447565;UNITED KINGDOM MOBILE O2;17-03-2017 00:00:00;O2CZECH
447570;UNITED KINGDOM MOBILE VODAFONE;17-03-2017 00:00:00;O2CZECH
447572;UNITED KINGDOM MOBILE T MOBILE;17-03-2017 00:00:00;O2CZECH
447573;UNITED KINGDOM MOBILE T MOBILE;17-03-2017 00:00:00;O2CZECH
447574;UNITED KINGDOM MOBILE T MOBILE;17-03-2017 00:00:00;O2CZECH
447575;UNITED KINGDOM MOBILE H3G;17-03-2017 00:00:00;O2CZECH
447576;UNITED KINGDOM MOBILE H3G;17-03-2017 00:00:00;O2CZECH
447577;UNITED KINGDOM MOBILE H3G;17-03-2017 00:00:00;O2CZECH
447578;UNITED KINGDOM MOBILE H3G;17-03-2017 00:00:00;O2CZECH
447579;UNITED KINGDOM MOBILE ORANGE;17-03-2017 00:00:00;O2CZECH
447580;UNITED KINGDOM MOBILE ORANGE;17-03-2017 00:00:00;O2CZECH
447581;UNITED KINGDOM MOBILE ORANGE;17-03-2017 00:00:00;O2CZECH
447582;UNITED KINGDOM MOBILE ORANGE;17-03-2017 00:00:00;O2CZECH
447583;UNITED KINGDOM MOBILE ORANGE;17-03-2017 00:00:00;O2CZECH
447584;UNITED KINGDOM MOBILE VODAFONE;17-03-2017 00:00:00;O2CZECH
447585;UNITED KINGDOM MOBILE VODAFONE;17-03-2017 00:00:00;O2CZECH
447586;UNITED KINGDOM MOBILE VODAFONE;17-03-2017 00:00:00;O2CZECH
447587;UNITED KINGDOM MOBILE VODAFONE;17-03-2017 00:00:00;O2CZECH
447588;UNITED KINGDOM MOBILE H3G;17-03-2017 00:00:00;O2CZECH
44759;UNITED KINGDOM MOBILE O2;17-03-2017 00:00:00;O2CZECH
4476;UNITED KINGDOM MOBILE OTHERS;17-03-2017 00:00:00;O2CZECH
4477;UNITED KINGDOM MOBILE OTHERS;17-03-2017 00:00:00;O2CZECH
447701;UNITED KINGDOM MOBILE O2;17-03-2017 00:00:00;O2CZECH
447702;UNITED KINGDOM MOBILE O2;17-03-2017 00:00:00;O2CZECH
447703;UNITED KINGDOM MOBILE O2;17-03-2017 00:00:00;O2CZECH
447704;UNITED KINGDOM MOBILE O2;17-03-2017 00:00:00;O2CZECH
447705;UNITED KINGDOM MOBILE O2;17-03-2017 00:00:00;O2CZECH
447706;UNITED KINGDOM MOBILE O2;17-03-2017 00:00:00;O2CZECH
447707;UNITED KINGDOM MOBILE O2;17-03-2017 00:00:00;O2CZECH
447708;UNITED KINGDOM MOBILE O2;17-03-2017 00:00:00;O2CZECH
447709;UNITED KINGDOM MOBILE O2;17-03-2017 00:00:00;O2CZECH
447710;UNITED KINGDOM MOBILE O2;17-03-2017 00:00:00;O2CZECH
447711;UNITED KINGDOM MOBILE O2;17-03-2017 00:00:00;O2CZECH
447712;UNITED KINGDOM MOBILE O2;17-03-2017 00:00:00;O2CZECH
447713;UNITED KINGDOM MOBILE O2;17-03-2017 00:00:00;O2CZECH
447714;UNITED KINGDOM MOBILE O2;17-03-2017 00:00:00;O2CZECH
447715;UNITED KINGDOM MOBILE O2;17-03-2017 00:00:00;O2CZECH
447716;UNITED KINGDOM MOBILE O2;17-03-2017 00:00:00;O2CZECH
447717;UNITED KINGDOM MOBILE VODAFONE;17-03-2017 00:00:00;O2CZECH
447718;UNITED KINGDOM MOBILE O2;17-03-2017 00:00:00;O2CZECH
447719;UNITED KINGDOM MOBILE O2;17-03-2017 00:00:00;O2CZECH
447720;UNITED KINGDOM MOBILE O2;17-03-2017 00:00:00;O2CZECH
447721;UNITED KINGDOM MOBILE VODAFONE;17-03-2017 00:00:00;O2CZECH
447722;UNITED KINGDOM MOBILE T MOBILE;17-03-2017 00:00:00;O2CZECH
447723;UNITED KINGDOM MOBILE H3G;17-03-2017 00:00:00;O2CZECH
447724;UNITED KINGDOM MOBILE O2;17-03-2017 00:00:00;O2CZECH
447725;UNITED KINGDOM MOBILE O2;17-03-2017 00:00:00;O2CZECH
447726;UNITED KINGDOM MOBILE T MOBILE;17-03-2017 00:00:00;O2CZECH
447727;UNITED KINGDOM MOBILE H3G;17-03-2017 00:00:00;O2CZECH
447728;UNITED KINGDOM MOBILE H3G;17-03-2017 00:00:00;O2CZECH
447729;UNITED KINGDOM MOBILE O2;17-03-2017 00:00:00;O2CZECH
447730;UNITED KINGDOM MOBILE O2;17-03-2017 00:00:00;O2CZECH
447731;UNITED KINGDOM MOBILE O2;17-03-2017 00:00:00;O2CZECH
447732;UNITED KINGDOM MOBILE O2;17-03-2017 00:00:00;O2CZECH
447733;UNITED KINGDOM MOBILE VODAFONE;17-03-2017 00:00:00;O2CZECH
447734;UNITED KINGDOM MOBILE O2;17-03-2017 00:00:00;O2CZECH
447735;UNITED KINGDOM MOBILE H3G;17-03-2017 00:00:00;O2CZECH
447736;UNITED KINGDOM MOBILE O2;17-03-2017 00:00:00;O2CZECH
447737;UNITED KINGDOM MOBILE H3G;17-03-2017 00:00:00;O2CZECH
447738;UNITED KINGDOM MOBILE O2;17-03-2017 00:00:00;O2CZECH
447739;UNITED KINGDOM MOBILE O2;17-03-2017 00:00:00;O2CZECH
447740;UNITED KINGDOM MOBILE O2;17-03-2017 00:00:00;O2CZECH
447741;UNITED KINGDOM MOBILE VODAFONE;17-03-2017 00:00:00;O2CZECH
447742;UNITED KINGDOM MOBILE O2;17-03-2017 00:00:00;O2CZECH
447743;UNITED KINGDOM MOBILE O2;17-03-2017 00:00:00;O2CZECH
447745;UNITED KINGDOM MOBILE O2;17-03-2017 00:00:00;O2CZECH
447746;UNITED KINGDOM MOBILE O2;17-03-2017 00:00:00;O2CZECH
447747;UNITED KINGDOM MOBILE VODAFONE;17-03-2017 00:00:00;O2CZECH
447748;UNITED KINGDOM MOBILE VODAFONE;17-03-2017 00:00:00;O2CZECH
447749;UNITED KINGDOM MOBILE O2;17-03-2017 00:00:00;O2CZECH
447750;UNITED KINGDOM MOBILE O2;17-03-2017 00:00:00;O2CZECH
447751;UNITED KINGDOM MOBILE O2;17-03-2017 00:00:00;O2CZECH
447752;UNITED KINGDOM MOBILE O2;17-03-2017 00:00:00;O2CZECH
447753;UNITED KINGDOM MOBILE O2;17-03-2017 00:00:00;:
447754;UNITED KINGDOM MOBILE O2;17-03-2017 00:00:00;O2CZECH
447756;UNITED KINGDOM MOBILE O2;17-03-2017 00:00:00;O2CZECH
447757;UNITED KINGDOM MOBILE T MOBILE;17-03-2017 00:00:00;O2CZECH
447758;UNITED KINGDOM MOBILE T MOBILE;17-03-2017 00:00:00;O2CZECH
447759;UNITED KINGDOM MOBILE O2;17-03-2017 00:00:00;O2CZECH
447760;UNITED KINGDOM MOBILE VODAFONE;17-03-2017 00:00:00;O2CZECH
447761;UNITED KINGDOM MOBILE O2;17-03-2017 00:00:00;O2CZECH
447762;UNITED KINGDOM MOBILE O2;17-03-2017 00:00:00;O2CZECH
447763;UNITED KINGDOM MOBILE O2;17-03-2017 00:00:00;O2CZECH
447764;UNITED KINGDOM MOBILE O2;17-03-2017 00:00:00;O2CZECH
447765;UNITED KINGDOM MOBILE VODAFONE;17-03-2017 00:00:00;O2CZECH
447766;UNITED KINGDOM MOBILE VODAFONE;17-03-2017 00:00:00;O2CZECH
447767;UNITED KINGDOM MOBILE VODAFONE;17-03-2017 00:00:00;O2CZECH
447768;UNITED KINGDOM MOBILE VODAFONE;17-03-2017 00:00:00;O2CZECH
447769;UNITED KINGDOM MOBILE VODAFONE;17-03-2017 00:00:00;O2CZECH
447770;UNITED KINGDOM MOBILE VODAFONE;17-03-2017 00:00:00;O2CZECH
447771;UNITED KINGDOM MOBILE VODAFONE;17-03-2017 00:00:00;O2CZECH
447772;UNITED KINGDOM MOBILE ORANGE;17-03-2017 00:00:00;O2CZECH
447773;UNITED KINGDOM MOBILE ORANGE;17-03-2017 00:00:00;O2CZECH
447774;UNITED KINGDOM MOBILE VODAFONE;17-03-2017 00:00:00;O2CZECH
447775;UNITED KINGDOM MOBILE VODAFONE;17-03-2017 00:00:00;O2CZECH
447776;UNITED KINGDOM MOBILE VODAFONE;17-03-2017 00:00:00;O2CZECH
447778;UNITED KINGDOM MOBILE VODAFONE;17-03-2017 00:00:00;O2CZECH
447779;UNITED KINGDOM MOBILE ORANGE;17-03-2017 00:00:00;O2CZECH
447780;UNITED KINGDOM MOBILE VODAFONE;17-03-2017 00:00:00;O2CZECH
447782;UNITED KINGDOM MOBILE H3G;17-03-2017 00:00:00;O2CZECH
447783;UNITED KINGDOM MOBILE O2;17-03-2017 00:00:00;O2CZECH
447784;UNITED KINGDOM MOBILE O2;17-03-2017 00:00:00;O2CZECH
447785;UNITED KINGDOM MOBILE VODAFONE;17-03-2017 00:00:00;O2CZECH
447786;UNITED KINGDOM MOBILE VODAFONE;17-03-2017 00:00:00;O2CZECH
447787;UNITED KINGDOM MOBILE VODAFONE;17-03-2017 00:00:00;O2CZECH
447788;UNITED KINGDOM MOBILE VODAFONE;17-03-2017 00:00:00;O2CZECH
447789;UNITED KINGDOM MOBILE VODAFONE;17-03-2017 00:00:00;O2CZECH
447790;UNITED KINGDOM MOBILE ORANGE;17-03-2017 00:00:00;O2CZECH
447791;UNITED KINGDOM MOBILE ORANGE;17-03-2017 00:00:00;O2CZECH
447792;UNITED KINGDOM MOBILE ORANGE;17-03-2017 00:00:00;O2CZECH
447793;UNITED KINGDOM MOBILE O2;17-03-2017 00:00:00;O2CZECH
447794;UNITED KINGDOM MOBILE ORANGE;17-03-2017 00:00:00;O2CZECH
447795;UNITED KINGDOM MOBILE VODAFONE;17-03-2017 00:00:00;O2CZECH
447796;UNITED KINGDOM MOBILE VODAFONE;17-03-2017 00:00:00;O2CZECH
447798;UNITED KINGDOM MOBILE VODAFONE;17-03-2017 00:00:00;O2CZECH
447799;UNITED KINGDOM MOBILE VODAFONE;17-03-2017 00:00:00;O2CZECH
4478;UNITED KINGDOM MOBILE OTHERS;17-03-2017 00:00:00;O2CZECH
447800;UNITED KINGDOM MOBILE ORANGE;17-03-2017 00:00:00;O2CZECH
447801;UNITED KINGDOM MOBILE O2;17-03-2017 00:00:00;O2CZECH
447802;UNITED KINGDOM MOBILE O2;17-03-2017 00:00:00;O2CZECH
447803;UNITED KINGDOM MOBILE O2;17-03-2017 00:00:00;O2CZECH
447804;UNITED KINGDOM MOBILE T MOBILE;17-03-2017 00:00:00;O2CZECH
447805;UNITED KINGDOM MOBILE ORANGE;17-03-2017 00:00:00;O2CZECH
447806;UNITED KINGDOM MOBILE T MOBILE;17-03-2017 00:00:00;O2CZECH
447807;UNITED KINGDOM MOBILE ORANGE;17-03-2017 00:00:00;O2CZECH
447808;UNITED KINGDOM MOBILE O2;17-03-2017 00:00:00;O2CZECH
447809;UNITED KINGDOM MOBILE O2;17-03-2017 00:00:00;O2CZECH
447810;UNITED KINGDOM MOBILE VODAFONE;17-03-2017 00:00:00;O2CZECH
447811;UNITED KINGDOM MOBILE ORANGE;17-03-2017 00:00:00;O2CZECH
447812;UNITED KINGDOM MOBILE ORANGE;17-03-2017 00:00:00;O2CZECH
447813;UNITED KINGDOM MOBILE ORANGE;17-03-2017 00:00:00;O2CZECH
447814;UNITED KINGDOM MOBILE ORANGE;17-03-2017 00:00:00;O2CZECH
447815;UNITED KINGDOM MOBILE ORANGE;17-03-2017 00:00:00;O2CZECH
447816;UNITED KINGDOM MOBILE ORANGE;17-03-2017 00:00:00;O2CZECH
447817;UNITED KINGDOM MOBILE ORANGE;17-03-2017 00:00:00;O2CZECH
447818;UNITED KINGDOM MOBILE VODAFONE;17-03-2017 00:00:00;O2CZECH
447819;UNITED KINGDOM MOBILE O2;17-03-2017 00:00:00;O2CZECH
447820;UNITED KINGDOM MOBILE O2;17-03-2017 00:00:00;O2CZECH
447821;UNITED KINGDOM MOBILE O2;17-03-2017 00:00:00;O2CZECH
447823;UNITED KINGDOM MOBILE VODAFONE;17-03-2017 00:00:00;O2CZECH
447824;UNITED KINGDOM MOBILE VODAFONE;17-03-2017 00:00:00;O2CZECH
447825;UNITED KINGDOM MOBILE VODAFONE;17-03-2017 00:00:00;O2CZECH
447826;UNITED KINGDOM MOBILE VODAFONE;17-03-2017 00:00:00;O2CZECH
447827;UNITED KINGDOM MOBILE VODAFONE;17-03-2017 00:00:00;O2CZECH
447828;UNITED KINGDOM MOBILE H3G;17-03-2017 00:00:00;O2CZECH
447830;UNITED KINGDOM MOBILE H3G;17-03-2017 00:00:00;O2CZECH
447831;UNITED KINGDOM MOBILE VODAFONE;17-03-2017 00:00:00;O2CZECH
447832;UNITED KINGDOM MOBILE H3G;17-03-2017 00:00:00;O2CZECH
447833;UNITED KINGDOM MOBILE VODAFONE;17-03-2017 00:00:00;O2CZECH
447834;UNITED KINGDOM MOBILE O2;17-03-2017 00:00:00;O2CZECH
447835;UNITED KINGDOM MOBILE O2;17-03-2017 00:00:00;O2CZECH
447836;UNITED KINGDOM MOBILE VODAFONE;17-03-2017 00:00:00;O2CZECH
447837;UNITED KINGDOM MOBILE ORANGE;17-03-2017 00:00:00;O2CZECH
447838;UNITED KINGDOM MOBILE H3G;17-03-2017 00:00:00;O2CZECH
447840;UNITED KINGDOM MOBILE O2;17-03-2017 00:00:00;O2CZECH
447841;UNITED KINGDOM MOBILE O2;17-03-2017 00:00:00;O2CZECH
447842;UNITED KINGDOM MOBILE O2;17-03-2017 00:00:00;O2CZECH
447843;UNITED KINGDOM MOBILE O2;17-03-2017 00:00:00;O2CZECH
447844;UNITED KINGDOM MOBILE O2;17-03-2017 00:00:00;O2CZECH
447845;UNITED KINGDOM MOBILE O2;17-03-2017 00:00:00;O2CZECH
447846;UNITED KINGDOM MOBILE H3G;17-03-2017 00:00:00;O2CZECH
447847;UNITED KINGDOM MOBILE T MOBILE;17-03-2017 00:00:00;O2CZECH
447848;UNITED KINGDOM MOBILE H3G;17-03-2017 00:00:00;O2CZECH
447849;UNITED KINGDOM MOBILE O2;17-03-2017 00:00:00;O2CZECH
447850;UNITED KINGDOM MOBILE O2;17-03-2017 00:00:00;O2CZECH
447851;UNITED KINGDOM MOBILE O2;17-03-2017 00:00:00;O2CZECH
447852;UNITED KINGDOM MOBILE T MOBILE;17-03-2017 00:00:00;O2CZECH
447853;UNITED KINGDOM MOBILE H3G;17-03-2017 00:00:00;O2CZECH
447854;UNITED KINGDOM MOBILE ORANGE;17-03-2017 00:00:00;O2CZECH
447855;UNITED KINGDOM MOBILE ORANGE;17-03-2017 00:00:00;O2CZECH
447856;UNITED KINGDOM MOBILE O2;17-03-2017 00:00:00;O2CZECH
447857;UNITED KINGDOM MOBILE O2;17-03-2017 00:00:00;O2CZECH
447858;UNITED KINGDOM MOBILE O2;17-03-2017 00:00:00;O2CZECH
447859;UNITED KINGDOM MOBILE H3G;17-03-2017 00:00:00;O2CZECH
447860;UNITED KINGDOM MOBILE O2;17-03-2017 00:00:00;O2CZECH
447861;UNITED KINGDOM MOBILE H3G;17-03-2017 00:00:00;O2CZECH
447862;UNITED KINGDOM MOBILE H3G;17-03-2017 00:00:00;O2CZECH
447863;UNITED KINGDOM MOBILE H3G;17-03-2017 00:00:00;O2CZECH
4478640;UNITED KINGDOM MOBILE O2;17-03-2017 00:00:00;O2CZECH
4478641;UNITED KINGDOM MOBILE O2;17-03-2017 00:00:00;O2CZECH
4478642;UNITED KINGDOM MOBILE O2;17-03-2017 00:00:00;O2CZECH
4478643;UNITED KINGDOM MOBILE O2;17-03-2017 00:00:00;O2CZECH
4478645;UNITED KINGDOM MOBILE O2;17-03-2017 00:00:00;O2CZECH
4478646;UNITED KINGDOM MOBILE O2;17-03-2017 00:00:00;O2CZECH
4478647;UNITED KINGDOM MOBILE O2;17-03-2017 00:00:00;O2CZECH
4478648;UNITED KINGDOM MOBILE O2;17-03-2017 00:00:00;O2CZECH
4478649;UNITED KINGDOM MOBILE O2;17-03-2017 00:00:00;O2CZECH
447865;UNITED KINGDOM MOBILE H3G;17-03-2017 00:00:00;O2CZECH
447866;UNITED KINGDOM MOBILE ORANGE;17-03-2017 00:00:00;O2CZECH
447867;UNITED KINGDOM MOBILE VODAFONE;17-03-2017 00:00:00;O2CZECH
447868;UNITED KINGDOM MOBILE H3G;17-03-2017 00:00:00;O2CZECH
447869;UNITED KINGDOM MOBILE H3G;17-03-2017 00:00:00;O2CZECH
447870;UNITED KINGDOM MOBILE ORANGE;17-03-2017 00:00:00;O2CZECH
447871;UNITED KINGDOM MOBILE O2;17-03-2017 00:00:00;O2CZECH
4478720;UNITED KINGDOM MOBILE O2;17-03-2017 00:00:00;O2CZECH
4478721;UNITED KINGDOM MOBILE O2;17-03-2017 00:00:00;O2CZECH
4478723;UNITED KINGDOM MOBILE O2;17-03-2017 00:00:00;O2CZECH
4478724;UNITED KINGDOM MOBILE O2;17-03-2017 00:00:00;O2CZECH
4478725;UNITED KINGDOM MOBILE O2;17-03-2017 00:00:00;O2CZECH
4478726;UNITED KINGDOM MOBILE O2;17-03-2017 00:00:00;O2CZECH
4478728;UNITED KINGDOM MOBILE O2;17-03-2017 00:00:00;O2CZECH
4478729;UNITED KINGDOM MOBILE O2;17-03-2017 00:00:00;O2CZECH
4478731;UNITED KINGDOM MOBILE O2;17-03-2017 00:00:00;O2CZECH
4478732;UNITED KINGDOM MOBILE O2;17-03-2017 00:00:00;O2CZECH
4478733;UNITED KINGDOM MOBILE O2;17-03-2017 00:00:00;O2CZECH
4478734;UNITED KINGDOM MOBILE O2;17-03-2017 00:00:00;O2CZECH
4478735;UNITED KINGDOM MOBILE O2;17-03-2017 00:00:00;O2CZECH
4478736;UNITED KINGDOM MOBILE O2;17-03-2017 00:00:00;O2CZECH
4478737;UNITED KINGDOM MOBILE O2;17-03-2017 00:00:00;O2CZECH
4478738;UNITED KINGDOM MOBILE O2;17-03-2017 00:00:00;O2CZECH
4478739;UNITED KINGDOM MOBILE O2;17-03-2017 00:00:00;O2CZECH
4478740;UNITED KINGDOM MOBILE O2;17-03-2017 00:00:00;O2CZECH
4478741;UNITED KINGDOM MOBILE O2;17-03-2017 00:00:00;O2CZECH
4478742;UNITED KINGDOM MOBILE O2;17-03-2017 00:00:00;O2CZECH
4478743;UNITED KINGDOM MOBILE O2;17-03-2017 00:00:00;O2CZECH
4478746;UNITED KINGDOM MOBILE O2;17-03-2017 00:00:00;O2CZECH
4478747;UNITED KINGDOM MOBILE O2;17-03-2017 00:00:00;O2CZECH
4478748;UNITED KINGDOM MOBILE O2;17-03-2017 00:00:00;O2CZECH
4478749;UNITED KINGDOM MOBILE O2;17-03-2017 00:00:00;O2CZECH
447875;UNITED KINGDOM MOBILE ORANGE;17-03-2017 00:00:00;O2CZECH
447876;UNITED KINGDOM MOBILE VODAFONE;17-03-2017 00:00:00;O2CZECH
447877;UNITED KINGDOM MOBILE H3G;17-03-2017 00:00:00;O2CZECH
447878;UNITED KINGDOM MOBILE H3G;17-03-2017 00:00:00;O2CZECH
447879;UNITED KINGDOM MOBILE VODAFONE;17-03-2017 00:00:00;O2CZECH
447880;UNITED KINGDOM MOBILE VODAFONE;17-03-2017 00:00:00;O2CZECH
447881;UNITED KINGDOM MOBILE VODAFONE;17-03-2017 00:00:00;O2CZECH
447882;UNITED KINGDOM MOBILE H3G;17-03-2017 00:00:00;O2CZECH
447883;UNITED KINGDOM MOBILE H3G;17-03-2017 00:00:00;O2CZECH
447884;UNITED KINGDOM MOBILE VODAFONE;17-03-2017 00:00:00;O2CZECH
447885;UNITED KINGDOM MOBILE O2;17-03-2017 00:00:00;O2CZECH
447886;UNITED KINGDOM MOBILE H3G;17-03-2017 00:00:00;O2CZECH
447887;UNITED KINGDOM MOBILE VODAFONE;17-03-2017 00:00:00;O2CZECH
447888;UNITED KINGDOM MOBILE H3G;17-03-2017 00:00:00;O2CZECH
447889;UNITED KINGDOM MOBILE O2;17-03-2017 00:00:00;O2CZECH
447890;UNITED KINGDOM MOBILE ORANGE;17-03-2017 00:00:00;O2CZECH
447891;UNITED KINGDOM MOBILE ORANGE;17-03-2017 00:00:00;O2CZECH
4478923;UNITED KINGDOM MOBILE O2;17-03-2017 00:00:00;O2CZECH
4478924;UNITED KINGDOM MOBILE O2;17-03-2017 00:00:00;O2CZECH
4478926;UNITED KINGDOM MOBILE O2;17-03-2017 00:00:00;O2CZECH
4478927;UNITED KINGDOM MOBILE O2;17-03-2017 00:00:00;O2CZECH
4478928;UNITED KINGDOM MOBILE O2;17-03-2017 00:00:00;O2CZECH
4478929;UNITED KINGDOM MOBILE O2;17-03-2017 00:00:00;O2CZECH
4478932;UNITED KINGDOM MOBILE O2;17-03-2017 00:00:00;O2CZECH
4478934;UNITED KINGDOM MOBILE O2;17-03-2017 00:00:00;O2CZECH
4478935;UNITED KINGDOM MOBILE O2;17-03-2017 00:00:00;O2CZECH
4478936;UNITED KINGDOM MOBILE O2;17-03-2017 00:00:00;O2CZECH
4478937;UNITED KINGDOM MOBILE O2;17-03-2017 00:00:00;O2CZECH
447894;UNITED KINGDOM MOBILE O2;17-03-2017 00:00:00;O2CZECH
447895;UNITED KINGDOM MOBILE O2;17-03-2017 00:00:00;O2CZECH
447896;UNITED KINGDOM MOBILE ORANGE;17-03-2017 00:00:00;O2CZECH
447897;UNITED KINGDOM MOBILE H3G;17-03-2017 00:00:00;O2CZECH
447898;UNITED KINGDOM MOBILE H3G;17-03-2017 00:00:00;O2CZECH
447899;UNITED KINGDOM MOBILE VODAFONE;17-03-2017 00:00:00;O2CZECH
4479;UNITED KINGDOM MOBILE OTHERS;17-03-2017 00:00:00;O2CZECH
447900;UNITED KINGDOM MOBILE VODAFONE;17-03-2017 00:00:00;O2CZECH
447901;UNITED KINGDOM MOBILE VODAFONE;17-03-2017 00:00:00;O2CZECH
447902;UNITED KINGDOM MOBILE O2;17-03-2017 00:00:00;O2CZECH
447903;UNITED KINGDOM MOBILE T MOBILE;17-03-2017 00:00:00;O2CZECH
447904;UNITED KINGDOM MOBILE T MOBILE;17-03-2017 00:00:00;O2CZECH
447905;UNITED KINGDOM MOBILE T MOBILE;17-03-2017 00:00:00;O2CZECH
447906;UNITED KINGDOM MOBILE T MOBILE;17-03-2017 00:00:00;O2CZECH
447907;UNITED KINGDOM MOBILE O2;17-03-2017 00:00:00;O2CZECH
447908;UNITED KINGDOM MOBILE T MOBILE;17-03-2017 00:00:00;O2CZECH
447909;UNITED KINGDOM MOBILE VODAFONE;17-03-2017 00:00:00;O2CZECH
447910;UNITED KINGDOM MOBILE T MOBILE;17-03-2017 00:00:00;O2CZECH
447912;UNITED KINGDOM MOBILE O2;17-03-2017 00:00:00;O2CZECH
447913;UNITED KINGDOM MOBILE T MOBILE;17-03-2017 00:00:00;O2CZECH
447914;UNITED KINGDOM MOBILE T MOBILE;17-03-2017 00:00:00;O2CZECH
447915;UNITED KINGDOM MOBILE H3G;17-03-2017 00:00:00;O2CZECH
447916;UNITED KINGDOM MOBILE H3G;17-03-2017 00:00:00;O2CZECH
447917;UNITED KINGDOM MOBILE VODAFONE;17-03-2017 00:00:00;O2CZECH
447918;UNITED KINGDOM MOBILE VODAFONE;17-03-2017 00:00:00;O2CZECH
447919;UNITED KINGDOM MOBILE VODAFONE;17-03-2017 00:00:00;O2CZECH
447920;UNITED KINGDOM MOBILE VODAFONE;17-03-2017 00:00:00;O2CZECH
447921;UNITED KINGDOM MOBILE O2;17-03-2017 00:00:00;O2CZECH
447922;UNITED KINGDOM MOBILE O2;17-03-2017 00:00:00;O2CZECH
447923;UNITED KINGDOM MOBILE O2;17-03-2017 00:00:00;O2CZECH
447925;UNITED KINGDOM MOBILE O2;17-03-2017 00:00:00;O2CZECH
447926;UNITED KINGDOM MOBILE O2;17-03-2017 00:00:00;O2CZECH
447927;UNITED KINGDOM MOBILE O2;17-03-2017 00:00:00;O2CZECH
447928;UNITED KINGDOM MOBILE O2;17-03-2017 00:00:00;O2CZECH
447929;UNITED KINGDOM MOBILE ORANGE;17-03-2017 00:00:00;O2CZECH
447930;UNITED KINGDOM MOBILE T MOBILE;17-03-2017 00:00:00;O2CZECH
447931;UNITED KINGDOM MOBILE T MOBILE;17-03-2017 00:00:00;O2CZECH
447932;UNITED KINGDOM MOBILE T MOBILE;17-03-2017 00:00:00;O2CZECH
447933;UNITED KINGDOM MOBILE O2;17-03-2017 00:00:00;O2CZECH
447934;UNITED KINGDOM MOBILE O2;17-03-2017 00:00:00;O2CZECH
447935;UNITED KINGDOM MOBILE O2;17-03-2017 00:00:00;O2CZECH
447936;UNITED KINGDOM MOBILE O2;17-03-2017 00:00:00;O2CZECH
447938;UNITED KINGDOM MOBILE O2;17-03-2017 00:00:00;O2CZECH
447939;UNITED KINGDOM MOBILE T MOBILE;17-03-2017 00:00:00;O2CZECH
44794;UNITED KINGDOM MOBILE T MOBILE;17-03-2017 00:00:00;O2CZECH
447950;UNITED KINGDOM MOBILE T MOBILE;17-03-2017 00:00:00;O2CZECH
447951;UNITED KINGDOM MOBILE T MOBILE;17-03-2017 00:00:00;O2CZECH
447952;UNITED KINGDOM MOBILE T MOBILE;17-03-2017 00:00:00;O2CZECH
447953;UNITED KINGDOM MOBILE T MOBILE;17-03-2017 00:00:00;O2CZECH
447954;UNITED KINGDOM MOBILE T MOBILE;17-03-2017 00:00:00;O2CZECH
447955;UNITED KINGDOM MOBILE O2;17-03-2017 00:00:00;O2CZECH
447956;UNITED KINGDOM MOBILE T MOBILE;17-03-2017 00:00:00;O2CZECH
447957;UNITED KINGDOM MOBILE T MOBILE;17-03-2017 00:00:00;O2CZECH
447958;UNITED KINGDOM MOBILE T MOBILE;17-03-2017 00:00:00;O2CZECH
447959;UNITED KINGDOM MOBILE T MOBILE;17-03-2017 00:00:00;O2CZECH
447960;UNITED KINGDOM MOBILE T MOBILE;17-03-2017 00:00:00;O2CZECH
447961;UNITED KINGDOM MOBILE T MOBILE;17-03-2017 00:00:00;O2CZECH
447962;UNITED KINGDOM MOBILE T MOBILE;17-03-2017 00:00:00;O2CZECH
447963;UNITED KINGDOM MOBILE T MOBILE;17-03-2017 00:00:00;O2CZECH
447964;UNITED KINGDOM MOBILE ORANGE;17-03-2017 00:00:00;O2CZECH
447965;UNITED KINGDOM MOBILE ORANGE;17-03-2017 00:00:00;O2CZECH
447966;UNITED KINGDOM MOBILE ORANGE;17-03-2017 00:00:00;O2CZECH
447967;UNITED KINGDOM MOBILE ORANGE;17-03-2017 00:00:00;O2CZECH
447968;UNITED KINGDOM MOBILE ORANGE;17-03-2017 00:00:00;O2CZECH
447969;UNITED KINGDOM MOBILE ORANGE;17-03-2017 00:00:00;O2CZECH
447970;UNITED KINGDOM MOBILE ORANGE;17-03-2017 00:00:00;O2CZECH
447971;UNITED KINGDOM MOBILE ORANGE;17-03-2017 00:00:00;O2CZECH
447972;UNITED KINGDOM MOBILE ORANGE;17-03-2017 00:00:00;O2CZECH
447973;UNITED KINGDOM MOBILE ORANGE;17-03-2017 00:00:00;O2CZECH
447974;UNITED KINGDOM MOBILE ORANGE;17-03-2017 00:00:00;O2CZECH
447975;UNITED KINGDOM MOBILE ORANGE;17-03-2017 00:00:00;O2CZECH
447976;UNITED KINGDOM MOBILE ORANGE;17-03-2017 00:00:00;O2CZECH
447977;UNITED KINGDOM MOBILE ORANGE;17-03-2017 00:00:00;O2CZECH
447979;UNITED KINGDOM MOBILE VODAFONE;17-03-2017 00:00:00;O2CZECH
447980;UNITED KINGDOM MOBILE ORANGE;17-03-2017 00:00:00;O2CZECH
447981;UNITED KINGDOM MOBILE T MOBILE;17-03-2017 00:00:00;O2CZECH
447982;UNITED KINGDOM MOBILE T MOBILE;17-03-2017 00:00:00;O2CZECH
447983;UNITED KINGDOM MOBILE T MOBILE;17-03-2017 00:00:00;O2CZECH
447984;UNITED KINGDOM MOBILE T MOBILE;17-03-2017 00:00:00;O2CZECH
447985;UNITED KINGDOM MOBILE T MOBILE;17-03-2017 00:00:00;O2CZECH
447986;UNITED KINGDOM MOBILE T MOBILE;17-03-2017 00:00:00;O2CZECH
447987;UNITED KINGDOM MOBILE T MOBILE;17-03-2017 00:00:00;O2CZECH
447988;UNITED KINGDOM MOBILE H3G;17-03-2017 00:00:00;O2CZECH
447989;UNITED KINGDOM MOBILE ORANGE;17-03-2017 00:00:00;O2CZECH
447990;UNITED KINGDOM MOBILE VODAFONE;17-03-2017 00:00:00;O2CZECH
447999;UNITED KINGDOM MOBILE O2;17-03-2017 00:00:00;O2CZECH
44843;UNITED KINGDOM NTS 844;17-03-2017 00:00:00;O2CZECH
44844;UNITED KINGDOM NTS 844;17-03-2017 00:00:00;O2CZECH
44845;UNITED KINGDOM NTS 845;17-03-2017 00:00:00;O2CZECH
44870;UNITED KINGDOM NTS 870;17-03-2017 00:00:00;O2CZECH
44871;UNITED KINGDOM NTS 871;17-03-2017 00:00:00;O2CZECH
44872;UNITED KINGDOM NTS 871;17-03-2017 00:00:00;O2CZECH
44873;UNITED KINGDOM NTS 871;17-03-2017 00:00:00;O2CZECH
